bps_nama_kabupaten_kota,bps_nama_kecamatan,total_kejadian_2019_2024,rata_rata_kejadian_tahunan,maksimum_kejadian_1_tahun,cluster_kmeans,label_kmeans,cluster_agg,label_agg,cluster_dbscan,label_dbscan
KABUPATEN BANDUNG,ARJASARI,19,3.1666666666666665,8,1,Sedang,0,Rendah,0,Rendah
KABUPATEN BANDUNG,BALEENDAH,18,3.0,3,1,Sedang,0,Rendah,0,Rendah
KABUPATEN BANDUNG,BANJARAN,63,10.5,17,2,Tinggi,1,Sedang,0,Rendah
KABUPATEN BANDUNG,BOJONGSOANG,46,7.666666666666667,11,2,Tinggi,1,Sedang,0,Rendah
KABUPATEN BANDUNG,CANGKUANG,20,3.333333333333333,5,1,Sedang,0,Rendah,0,Rendah
KABUPATEN BANDUNG,CICALENGKA,30,5.0,8,1,Sedang,1,Sedang,0,Rendah
KABUPATEN BANDUNG,CIKANCUNG,38,6.333333333333333,11,1,Sedang,1,Sedang,0,Rendah
KABUPATEN BANDUNG,CILENGKRANG,5,0.8333333333333334,3,1,Sedang,0,Rendah,0,Rendah
KABUPATEN BANDUNG,CILEUNYI,50,8.333333333333334,11,2,Tinggi,1,Sedang,0,Rendah
KABUPATEN BANDUNG,CIMAUNG,0,0.0,0,1,Sedang,0,Rendah,0,Rendah
KABUPATEN BANDUNG,CIMENYAN,0,0.0,0,1,Sedang,0,Rendah,0,Rendah
KABUPATEN BANDUNG,CIPARAY,18,3.0,4,1,Sedang,0,Rendah,0,Rendah
KABUPATEN BANDUNG,CIWIDEY,5,0.8333333333333334,3,1,Sedang,0,Rendah,0,Rendah
KABUPATEN BANDUNG,DAYEUHKOLOT,119,19.83333333333333,25,2,Tinggi,1,Sedang,0,Rendah
KABUPATEN BANDUNG,IBUN,3,0.5,2,1,Sedang,0,Rendah,0,Rendah
KABUPATEN BANDUNG,KATAPANG,121,20.166666666666668,21,2,Tinggi,1,Sedang,0,Rendah
KABUPATEN BANDUNG,KERTASARI,8,1.3333333333333333,2,1,Sedang,0,Rendah,0,Rendah
KABUPATEN BANDUNG,KUTAWARINGIN,13,2.1666666666666665,3,1,Sedang,0,Rendah,0,Rendah
KABUPATEN BANDUNG,MAJALAYA,35,5.833333333333333,10,1,Sedang,1,Sedang,0,Rendah
KABUPATEN BANDUNG,MARGAASIH,27,4.5,5,1,Sedang,0,Rendah,0,Rendah
KABUPATEN BANDUNG,MARGAHAYU,30,5.0,6,1,Sedang,1,Sedang,0,Rendah
KABUPATEN BANDUNG,NAGREG,3,0.5,2,1,Sedang,0,Rendah,0,Rendah
KABUPATEN BANDUNG,PACET,0,0.0,0,1,Sedang,0,Rendah,0,Rendah
KABUPATEN BANDUNG,PAMEUNGPEUK,18,3.0,6,1,Sedang,0,Rendah,0,Rendah
KABUPATEN BANDUNG,PANGALENGAN,12,2.0,4,1,Sedang,0,Rendah,0,Rendah
KABUPATEN BANDUNG,PASEH,56,9.333333333333334,12,2,Tinggi,1,Sedang,0,Rendah
KABUPATEN BANDUNG,PASIRJAMBU,7,1.1666666666666667,3,1,Sedang,0,Rendah,0,Rendah
KABUPATEN BANDUNG,RANCABALI,0,0.0,0,1,Sedang,0,Rendah,0,Rendah
KABUPATEN BANDUNG,RANCAEKEK,239,39.833333333333336,49,2,Tinggi,1,Sedang,-1,Noise/Outlier
KABUPATEN BANDUNG,SOLOKANJERUK,60,10.0,11,2,Tinggi,1,Sedang,0,Rendah
KABUPATEN BANDUNG,SOREANG,15,2.5,7,1,Sedang,0,Rendah,0,Rendah
KABUPATEN BANDUNG BARAT,BATUJAJAR,69,11.5,17,2,Tinggi,1,Sedang,0,Rendah
KABUPATEN BANDUNG BARAT,CIHAMPELAS,3,0.5,2,1,Sedang,0,Rendah,0,Rendah
KABUPATEN BANDUNG BARAT,CIKALONGWETAN,2,0.3333333333333333,1,1,Sedang,0,Rendah,0,Rendah
KABUPATEN BANDUNG BARAT,CILILIN,2,0.3333333333333333,2,1,Sedang,0,Rendah,0,Rendah
KABUPATEN BANDUNG BARAT,CIPATAT,13,2.1666666666666665,3,1,Sedang,0,Rendah,0,Rendah
KABUPATEN BANDUNG BARAT,CIPEUNDEUY,1,0.1666666666666666,1,1,Sedang,0,Rendah,0,Rendah
KABUPATEN BANDUNG BARAT,CIPONGKOR,7,1.1666666666666667,2,1,Sedang,0,Rendah,0,Rendah
KABUPATEN BANDUNG BARAT,CISARUA,0,0.0,0,1,Sedang,0,Rendah,0,Rendah
KABUPATEN BANDUNG BARAT,GUNUNGHALU,13,2.1666666666666665,4,1,Sedang,0,Rendah,0,Rendah
KABUPATEN BANDUNG BARAT,LEMBANG,4,0.6666666666666666,2,1,Sedang,0,Rendah,0,Rendah
KABUPATEN BANDUNG BARAT,NGAMPRAH,13,2.1666666666666665,3,1,Sedang,0,Rendah,0,Rendah
KABUPATEN BANDUNG BARAT,PADALARANG,15,2.5,4,1,Sedang,0,Rendah,0,Rendah
KABUPATEN BANDUNG BARAT,PARONGPONG,0,0.0,0,1,Sedang,0,Rendah,0,Rendah
KABUPATEN BANDUNG BARAT,RONGGA,3,0.5,2,1,Sedang,0,Rendah,0,Rendah
KABUPATEN BANDUNG BARAT,SAGULING,1,0.1666666666666666,1,1,Sedang,0,Rendah,0,Rendah
KABUPATEN BANDUNG BARAT,SINDANGKERTA,6,1.0,2,1,Sedang,0,Rendah,0,Rendah
KABUPATEN BEKASI,BABELAN,57,9.5,12,2,Tinggi,1,Sedang,0,Rendah
KABUPATEN BEKASI,BOJONGMANGU,13,2.1666666666666665,6,1,Sedang,0,Rendah,0,Rendah
KABUPATEN BEKASI,CABANGBUNGIN,32,5.333333333333333,6,1,Sedang,1,Sedang,0,Rendah
KABUPATEN BEKASI,CIBARUSAH,3,0.5,1,1,Sedang,0,Rendah,0,Rendah
KABUPATEN BEKASI,CIBITUNG,76,12.666666666666666,22,2,Tinggi,1,Sedang,0,Rendah
KABUPATEN BEKASI,CIKARANG BARAT,27,4.5,7,1,Sedang,0,Rendah,0,Rendah
KABUPATEN BEKASI,CIKARANG PUSAT,26,4.333333333333333,5,1,Sedang,0,Rendah,0,Rendah
KABUPATEN BEKASI,CIKARANG SELATAN,8,1.3333333333333333,2,1,Sedang,0,Rendah,0,Rendah
KABUPATEN BEKASI,CIKARANG TIMUR,96,16.0,34,2,Tinggi,1,Sedang,0,Rendah
KABUPATEN BEKASI,CIKARANG UTARA,78,13.0,14,2,Tinggi,1,Sedang,0,Rendah
KABUPATEN BEKASI,KARANG BAHAGIA,21,3.5,6,1,Sedang,0,Rendah,0,Rendah
KABUPATEN BEKASI,KEDUNG WARINGIN,44,7.333333333333333,8,2,Tinggi,1,Sedang,0,Rendah
KABUPATEN BEKASI,MUARAGEMBONG,50,8.333333333333334,16,2,Tinggi,1,Sedang,0,Rendah
KABUPATEN BEKASI,PEBAYURAN,63,10.5,12,2,Tinggi,1,Sedang,0,Rendah
KABUPATEN BEKASI,SERANG BARU,10,1.6666666666666667,2,1,Sedang,0,Rendah,0,Rendah
KABUPATEN BEKASI,SETU,33,5.5,8,1,Sedang,1,Sedang,0,Rendah
KABUPATEN BEKASI,SUKAKARYA,27,4.5,6,1,Sedang,0,Rendah,0,Rendah
KABUPATEN BEKASI,SUKATANI,25,4.166666666666667,5,1,Sedang,0,Rendah,0,Rendah
KABUPATEN BEKASI,SUKAWANGI,26,4.333333333333333,6,1,Sedang,0,Rendah,0,Rendah
KABUPATEN BEKASI,TAMBELANG,4,0.6666666666666666,2,1,Sedang,0,Rendah,0,Rendah
KABUPATEN BEKASI,TAMBUN SELATAN,40,6.666666666666667,8,1,Sedang,1,Sedang,0,Rendah
KABUPATEN BEKASI,TAMBUN UTARA,56,9.333333333333334,11,2,Tinggi,1,Sedang,0,Rendah
KABUPATEN BEKASI,TARUMAJAYA,66,11.0,15,2,Tinggi,1,Sedang,0,Rendah
KABUPATEN BOGOR,BABAKAN MADANG,48,8.0,10,2,Tinggi,1,Sedang,0,Rendah
KABUPATEN BOGOR,BOJONG GEDE,388,64.66666666666667,114,0,Rendah,2,Tinggi,-1,Noise/Outlier
KABUPATEN BOGOR,CARINGIN,2,0.3333333333333333,1,1,Sedang,0,Rendah,0,Rendah
KABUPATEN BOGOR,CARIU,12,2.0,2,1,Sedang,0,Rendah,0,Rendah
KABUPATEN BOGOR,CIAMPEA,38,6.333333333333333,8,1,Sedang,1,Sedang,0,Rendah
KABUPATEN BOGOR,CIAWI,35,5.833333333333333,8,1,Sedang,1,Sedang,0,Rendah
KABUPATEN BOGOR,CIBUNGBULANG,52,8.666666666666666,14,2,Tinggi,1,Sedang,0,Rendah
KABUPATEN BOGOR,CIGOMBONG,18,3.0,6,1,Sedang,0,Rendah,0,Rendah
KABUPATEN BOGOR,CIGUDEG,74,12.333333333333334,15,2,Tinggi,1,Sedang,0,Rendah
KABUPATEN BOGOR,CIJERUK,3,0.5,1,1,Sedang,0,Rendah,0,Rendah
KABUPATEN BOGOR,CILEUNGSI,32,5.333333333333333,10,1,Sedang,1,Sedang,0,Rendah
KABUPATEN BOGOR,CIOMAS,16,2.6666666666666665,5,1,Sedang,0,Rendah,0,Rendah
KABUPATEN BOGOR,CISARUA,35,5.833333333333333,13,1,Sedang,1,Sedang,0,Rendah
KABUPATEN BOGOR,CISEENG,7,1.1666666666666667,3,1,Sedang,0,Rendah,0,Rendah
KABUPATEN BOGOR,CITEUREUP,17,2.833333333333333,4,1,Sedang,0,Rendah,0,Rendah
KABUPATEN BOGOR,DRAMAGA,89,14.833333333333334,28,2,Tinggi,1,Sedang,0,Rendah
KABUPATEN BOGOR,GUNUNG PUTRI,21,3.5,6,1,Sedang,0,Rendah,0,Rendah
KABUPATEN BOGOR,GUNUNG SINDUR,4,0.6666666666666666,1,1,Sedang,0,Rendah,0,Rendah
KABUPATEN BOGOR,JASINGA,86,14.333333333333334,19,2,Tinggi,1,Sedang,0,Rendah
KABUPATEN BOGOR,JONGGOL,7,1.1666666666666667,4,1,Sedang,0,Rendah,0,Rendah
KABUPATEN BOGOR,KEMANG,26,4.333333333333333,6,1,Sedang,0,Rendah,0,Rendah
KABUPATEN BOGOR,KLAPANUNGGAL,47,7.833333333333333,14,2,Tinggi,1,Sedang,0,Rendah
KABUPATEN BOGOR,LEUWILIANG,22,3.6666666666666665,5,1,Sedang,0,Rendah,0,Rendah
KABUPATEN BOGOR,LEUWISADENG,20,3.333333333333333,7,1,Sedang,0,Rendah,0,Rendah
KABUPATEN BOGOR,MEGAMENDUNG,8,1.3333333333333333,2,1,Sedang,0,Rendah,0,Rendah
KABUPATEN BOGOR,NANGGUNG,30,5.0,7,1,Sedang,1,Sedang,0,Rendah
KABUPATEN BOGOR,PAMIJAHAN,6,1.0,1,1,Sedang,0,Rendah,0,Rendah
KABUPATEN BOGOR,PARUNG,18,3.0,4,1,Sedang,0,Rendah,0,Rendah
KABUPATEN BOGOR,PARUNG PANJANG,43,7.166666666666667,11,2,Tinggi,1,Sedang,0,Rendah
KABUPATEN BOGOR,RANCA BUNGUR,18,3.0,3,1,Sedang,0,Rendah,0,Rendah
KABUPATEN BOGOR,RUMPIN,20,3.333333333333333,6,1,Sedang,0,Rendah,0,Rendah
KABUPATEN BOGOR,SUKAJAYA,30,5.0,7,1,Sedang,1,Sedang,0,Rendah
KABUPATEN BOGOR,SUKAMAKMUR,8,1.3333333333333333,2,1,Sedang,0,Rendah,0,Rendah
KABUPATEN BOGOR,SUKARAJA,54,9.0,13,2,Tinggi,1,Sedang,0,Rendah
KABUPATEN BOGOR,TAJURHALANG,5,0.8333333333333334,2,1,Sedang,0,Rendah,0,Rendah
KABUPATEN BOGOR,TAMANSARI,18,3.0,7,1,Sedang,0,Rendah,0,Rendah
KABUPATEN BOGOR,TANJUNGSARI,0,0.0,0,1,Sedang,0,Rendah,0,Rendah
KABUPATEN BOGOR,TENJO,8,1.3333333333333333,3,1,Sedang,0,Rendah,0,Rendah
KABUPATEN BOGOR,TENJOLAYA,4,0.6666666666666666,2,1,Sedang,0,Rendah,0,Rendah
KABUPATEN CIAMIS,BANJARANYAR,38,6.333333333333333,10,1,Sedang,1,Sedang,0,Rendah
KABUPATEN CIAMIS,BANJARSARI,38,6.333333333333333,7,1,Sedang,1,Sedang,0,Rendah
KABUPATEN CIAMIS,BAREGBEG,6,1.0,3,1,Sedang,0,Rendah,0,Rendah
KABUPATEN CIAMIS,CIAMIS,4,0.6666666666666666,1,1,Sedang,0,Rendah,0,Rendah
KABUPATEN CIAMIS,CIDOLOG,19,3.1666666666666665,6,1,Sedang,0,Rendah,0,Rendah
KABUPATEN CIAMIS,CIHAURBEUTI,11,1.8333333333333333,6,1,Sedang,0,Rendah,0,Rendah
KABUPATEN CIAMIS,CIJEUNGJING,2,0.3333333333333333,1,1,Sedang,0,Rendah,0,Rendah
KABUPATEN CIAMIS,CIKONENG,0,0.0,0,1,Sedang,0,Rendah,0,Rendah
KABUPATEN CIAMIS,CIMARAGAS,11,1.8333333333333333,3,1,Sedang,0,Rendah,0,Rendah
KABUPATEN CIAMIS,CIPAKU,0,0.0,0,1,Sedang,0,Rendah,0,Rendah
KABUPATEN CIAMIS,CISAGA,4,0.6666666666666666,3,1,Sedang,0,Rendah,0,Rendah
KABUPATEN CIAMIS,JATINAGARA,1,0.1666666666666666,1,1,Sedang,0,Rendah,0,Rendah
KABUPATEN CIAMIS,KAWALI,2,0.3333333333333333,1,1,Sedang,0,Rendah,0,Rendah
KABUPATEN CIAMIS,LAKBOK,25,4.166666666666667,7,1,Sedang,0,Rendah,0,Rendah
KABUPATEN CIAMIS,LUMBUNG,4,0.6666666666666666,1,1,Sedang,0,Rendah,0,Rendah
KABUPATEN CIAMIS,PAMARICAN,31,5.166666666666667,9,1,Sedang,1,Sedang,0,Rendah
KABUPATEN CIAMIS,PANAWANGAN,1,0.1666666666666666,1,1,Sedang,0,Rendah,0,Rendah
KABUPATEN CIAMIS,PANJALU,24,4.0,19,1,Sedang,1,Sedang,0,Rendah
KABUPATEN CIAMIS,PANUMBANGAN,53,8.833333333333334,14,2,Tinggi,1,Sedang,0,Rendah
KABUPATEN CIAMIS,PURWADADI,48,8.0,11,2,Tinggi,1,Sedang,0,Rendah
KABUPATEN CIAMIS,RAJADESA,9,1.5,2,1,Sedang,0,Rendah,0,Rendah
KABUPATEN CIAMIS,RANCAH,6,1.0,2,1,Sedang,0,Rendah,0,Rendah
KABUPATEN CIAMIS,SADANANYA,2,0.3333333333333333,1,1,Sedang,0,Rendah,0,Rendah
KABUPATEN CIAMIS,SINDANGKASIH,0,0.0,0,1,Sedang,0,Rendah,0,Rendah
KABUPATEN CIAMIS,SUKADANA,24,4.0,8,1,Sedang,0,Rendah,0,Rendah
KABUPATEN CIAMIS,SUKAMANTRI,7,1.1666666666666667,2,1,Sedang,0,Rendah,0,Rendah
KABUPATEN CIAMIS,TAMBAKSARI,1,0.1666666666666666,1,1,Sedang,0,Rendah,0,Rendah
KABUPATEN CIANJUR,AGRABINTA,39,6.5,10,1,Sedang,1,Sedang,0,Rendah
KABUPATEN CIANJUR,BOJONGPICUNG,7,1.1666666666666667,5,1,Sedang,0,Rendah,0,Rendah
KABUPATEN CIANJUR,CAMPAKA,1,0.1666666666666666,1,1,Sedang,0,Rendah,0,Rendah
KABUPATEN CIANJUR,CAMPAKAMULYA,0,0.0,0,1,Sedang,0,Rendah,0,Rendah
KABUPATEN CIANJUR,CIANJUR,9,1.5,3,1,Sedang,0,Rendah,0,Rendah
KABUPATEN CIANJUR,CIBEBER,30,5.0,10,1,Sedang,1,Sedang,0,Rendah
KABUPATEN CIANJUR,CIBINONG,18,3.0,7,1,Sedang,0,Rendah,0,Rendah
KABUPATEN CIANJUR,CIDAUN,14,2.333333333333333,3,1,Sedang,0,Rendah,0,Rendah
KABUPATEN CIANJUR,CIJATI,18,3.0,4,1,Sedang,0,Rendah,0,Rendah
KABUPATEN CIANJUR,CIKADU,1,0.1666666666666666,1,1,Sedang,0,Rendah,0,Rendah
KABUPATEN CIANJUR,CIKALONGKULON,8,1.3333333333333333,3,1,Sedang,0,Rendah,0,Rendah
KABUPATEN CIANJUR,CILAKU,13,2.1666666666666665,3,1,Sedang,0,Rendah,0,Rendah
KABUPATEN CIANJUR,CIPANAS,12,2.0,3,1,Sedang,0,Rendah,0,Rendah
KABUPATEN CIANJUR,CIRANJANG,10,1.6666666666666667,2,1,Sedang,0,Rendah,0,Rendah
KABUPATEN CIANJUR,CUGENANG,7,1.1666666666666667,3,1,Sedang,0,Rendah,0,Rendah
KABUPATEN CIANJUR,GEKBRONG,0,0.0,0,1,Sedang,0,Rendah,0,Rendah
KABUPATEN CIANJUR,HAURWANGI,0,0.0,0,1,Sedang,0,Rendah,0,Rendah
KABUPATEN CIANJUR,KADUPANDAK,6,1.0,2,1,Sedang,0,Rendah,0,Rendah
KABUPATEN CIANJUR,KARANGTENGAH,27,4.5,6,1,Sedang,0,Rendah,0,Rendah
KABUPATEN CIANJUR,LELES,25,4.166666666666667,5,1,Sedang,0,Rendah,0,Rendah
KABUPATEN CIANJUR,MANDE,18,3.0,7,1,Sedang,0,Rendah,0,Rendah
KABUPATEN CIANJUR,NARINGGUL,0,0.0,0,1,Sedang,0,Rendah,0,Rendah
KABUPATEN CIANJUR,PACET,91,15.166666666666666,26,2,Tinggi,1,Sedang,0,Rendah
KABUPATEN CIANJUR,PAGELARAN,2,0.3333333333333333,2,1,Sedang,0,Rendah,0,Rendah
KABUPATEN CIANJUR,PASIRKUDA,1,0.1666666666666666,1,1,Sedang,0,Rendah,0,Rendah
KABUPATEN CIANJUR,SINDANGBARANG,28,4.666666666666667,5,1,Sedang,0,Rendah,0,Rendah
KABUPATEN CIANJUR,SUKALUYU,9,1.5,2,1,Sedang,0,Rendah,0,Rendah
KABUPATEN CIANJUR,SUKANAGARA,13,2.1666666666666665,6,1,Sedang,0,Rendah,0,Rendah
KABUPATEN CIANJUR,SUKARESMI,4,0.6666666666666666,1,1,Sedang,0,Rendah,0,Rendah
KABUPATEN CIANJUR,TAKOKAK,15,2.5,3,1,Sedang,0,Rendah,0,Rendah
KABUPATEN CIANJUR,TANGGEUNG,5,0.8333333333333334,2,1,Sedang,0,Rendah,0,Rendah
KABUPATEN CIANJUR,WARUNGKONDANG,1,0.1666666666666666,1,1,Sedang,0,Rendah,0,Rendah
KABUPATEN CIREBON,ARJAWINANGUN,20,3.333333333333333,5,1,Sedang,0,Rendah,0,Rendah
KABUPATEN CIREBON,ASTANAJAPURA,148,24.666666666666668,32,2,Tinggi,1,Sedang,1,Sedang
KABUPATEN CIREBON,BABAKAN,7,1.1666666666666667,2,1,Sedang,0,Rendah,0,Rendah
KABUPATEN CIREBON,BEBER,1,0.1666666666666666,1,1,Sedang,0,Rendah,0,Rendah
KABUPATEN CIREBON,CILEDUG,57,9.5,14,2,Tinggi,1,Sedang,0,Rendah
KABUPATEN CIREBON,CIWARINGIN,33,5.5,7,1,Sedang,1,Sedang,0,Rendah
KABUPATEN CIREBON,DEPOK,0,0.0,0,1,Sedang,0,Rendah,0,Rendah
KABUPATEN CIREBON,DUKUPUNTANG,0,0.0,0,1,Sedang,0,Rendah,0,Rendah
KABUPATEN CIREBON,GEBANG,133,22.166666666666668,35,2,Tinggi,1,Sedang,1,Sedang
KABUPATEN CIREBON,GEGESIK,48,8.0,13,2,Tinggi,1,Sedang,0,Rendah
KABUPATEN CIREBON,GEMPOL,12,2.0,3,1,Sedang,0,Rendah,0,Rendah
KABUPATEN CIREBON,GREGED,4,0.6666666666666666,1,1,Sedang,0,Rendah,0,Rendah
KABUPATEN CIREBON,GUNUNG JATI,74,12.333333333333334,16,2,Tinggi,1,Sedang,0,Rendah
KABUPATEN CIREBON,JAMBLANG,24,4.0,7,1,Sedang,0,Rendah,0,Rendah
KABUPATEN CIREBON,KALIWEDI,4,0.6666666666666666,3,1,Sedang,0,Rendah,0,Rendah
KABUPATEN CIREBON,KAPETAKAN,8,1.3333333333333333,2,1,Sedang,0,Rendah,0,Rendah
KABUPATEN CIREBON,KARANGSEMBUNG,1,0.1666666666666666,1,1,Sedang,0,Rendah,0,Rendah
KABUPATEN CIREBON,KARANGWARENG,69,11.5,13,2,Tinggi,1,Sedang,0,Rendah
KABUPATEN CIREBON,KEDAWUNG,110,18.33333333333333,27,2,Tinggi,1,Sedang,0,Rendah
KABUPATEN CIREBON,KLANGENAN,8,1.3333333333333333,3,1,Sedang,0,Rendah,0,Rendah
KABUPATEN CIREBON,LEMAHABANG,56,9.333333333333334,13,2,Tinggi,1,Sedang,0,Rendah
KABUPATEN CIREBON,LOSARI,22,3.6666666666666665,5,1,Sedang,0,Rendah,0,Rendah
KABUPATEN CIREBON,MUNDU,51,8.5,15,2,Tinggi,1,Sedang,0,Rendah
KABUPATEN CIREBON,PABEDILAN,62,10.333333333333334,17,2,Tinggi,1,Sedang,0,Rendah
KABUPATEN CIREBON,PABUARAN,26,4.333333333333333,5,1,Sedang,0,Rendah,0,Rendah
KABUPATEN CIREBON,PALIMANAN,0,0.0,0,1,Sedang,0,Rendah,0,Rendah
KABUPATEN CIREBON,PANGENAN,50,8.333333333333334,16,2,Tinggi,1,Sedang,0,Rendah
KABUPATEN CIREBON,PANGURAGAN,15,2.5,4,1,Sedang,0,Rendah,0,Rendah
KABUPATEN CIREBON,PASALEMAN,23,3.8333333333333335,6,1,Sedang,0,Rendah,0,Rendah
KABUPATEN CIREBON,PLERED,51,8.5,15,2,Tinggi,1,Sedang,0,Rendah
KABUPATEN CIREBON,PLUMBON,137,22.83333333333333,45,2,Tinggi,1,Sedang,1,Sedang
KABUPATEN CIREBON,SEDONG,12,2.0,4,1,Sedang,0,Rendah,0,Rendah
KABUPATEN CIREBON,SUMBER,0,0.0,0,1,Sedang,0,Rendah,0,Rendah
KABUPATEN CIREBON,SURANENGGALA,17,2.833333333333333,5,1,Sedang,0,Rendah,0,Rendah
KABUPATEN CIREBON,SUSUKAN,39,6.5,9,1,Sedang,1,Sedang,0,Rendah
KABUPATEN CIREBON,SUSUKAN LEBAK,1,0.1666666666666666,1,1,Sedang,0,Rendah,0,Rendah
KABUPATEN CIREBON,TALUN,26,4.333333333333333,6,1,Sedang,0,Rendah,0,Rendah
KABUPATEN CIREBON,TENGAH TANI,62,10.333333333333334,17,2,Tinggi,1,Sedang,0,Rendah
KABUPATEN CIREBON,WALED,425,70.83333333333333,113,0,Rendah,2,Tinggi,-1,Noise/Outlier
KABUPATEN CIREBON,WERU,4,0.6666666666666666,2,1,Sedang,0,Rendah,0,Rendah
KABUPATEN GARUT,BANJARWANGI,42,7.0,8,2,Tinggi,1,Sedang,0,Rendah
KABUPATEN GARUT,BANYURESMI,19,3.1666666666666665,6,1,Sedang,0,Rendah,0,Rendah
KABUPATEN GARUT,BAYONGBONG,39,6.5,12,2,Tinggi,1,Sedang,0,Rendah
KABUPATEN GARUT,BL. LIMBANGAN,11,1.8333333333333333,3,1,Sedang,0,Rendah,0,Rendah
KABUPATEN GARUT,BUNGBULANG,1,0.1666666666666666,1,1,Sedang,0,Rendah,0,Rendah
KABUPATEN GARUT,CARINGIN,11,1.8333333333333333,4,1,Sedang,0,Rendah,0,Rendah
KABUPATEN GARUT,CIBALONG,29,4.833333333333333,6,1,Sedang,1,Sedang,0,Rendah
KABUPATEN GARUT,CIBATU,34,5.666666666666667,7,1,Sedang,1,Sedang,0,Rendah
KABUPATEN GARUT,CIBIUK,1,0.1666666666666666,1,1,Sedang,0,Rendah,0,Rendah
KABUPATEN GARUT,CIGEDUG,16,2.6666666666666665,4,1,Sedang,0,Rendah,0,Rendah
KABUPATEN GARUT,CIHURIP,0,0.0,0,1,Sedang,0,Rendah,0,Rendah
KABUPATEN GARUT,CIKAJANG,65,10.833333333333334,12,2,Tinggi,1,Sedang,0,Rendah
KABUPATEN GARUT,CIKELET,53,8.833333333333334,13,2,Tinggi,1,Sedang,0,Rendah
KABUPATEN GARUT,CILAWU,8,1.3333333333333333,3,1,Sedang,0,Rendah,0,Rendah
KABUPATEN GARUT,CISEWU,3,0.5,1,1,Sedang,0,Rendah,0,Rendah
KABUPATEN GARUT,CISOMPET,4,0.6666666666666666,2,1,Sedang,0,Rendah,0,Rendah
KABUPATEN GARUT,CISURUPAN,63,10.5,14,2,Tinggi,1,Sedang,0,Rendah
KABUPATEN GARUT,KADUNGORA,18,3.0,5,1,Sedang,0,Rendah,0,Rendah
KABUPATEN GARUT,KARANGPAWITAN,33,5.5,7,1,Sedang,1,Sedang,0,Rendah
KABUPATEN GARUT,KARANGTENGAH,36,6.0,8,1,Sedang,1,Sedang,0,Rendah
KABUPATEN GARUT,KERSAMANAH,0,0.0,0,1,Sedang,0,Rendah,0,Rendah
KABUPATEN GARUT,LELES,182,30.33333333333333,46,2,Tinggi,1,Sedang,-1,Noise/Outlier
KABUPATEN GARUT,LEUWIGOONG,0,0.0,0,1,Sedang,0,Rendah,0,Rendah
KABUPATEN GARUT,MALANGBONG,27,4.5,5,1,Sedang,0,Rendah,0,Rendah
KABUPATEN GARUT,MEKARMUKTI,9,1.5,4,1,Sedang,0,Rendah,0,Rendah
KABUPATEN GARUT,PAKENJENG,6,1.0,1,1,Sedang,0,Rendah,0,Rendah
KABUPATEN GARUT,PAMEUNGPEUK,47,7.833333333333333,10,2,Tinggi,1,Sedang,0,Rendah
KABUPATEN GARUT,PAMULIHAN,0,0.0,0,1,Sedang,0,Rendah,0,Rendah
KABUPATEN GARUT,PANGATIKAN,8,1.3333333333333333,3,1,Sedang,0,Rendah,0,Rendah
KABUPATEN GARUT,PASIRWANGI,12,2.0,5,1,Sedang,0,Rendah,0,Rendah
KABUPATEN GARUT,PEUNDEUY,0,0.0,0,1,Sedang,0,Rendah,0,Rendah
KABUPATEN GARUT,SAMARANG,11,1.8333333333333333,5,1,Sedang,0,Rendah,0,Rendah
KABUPATEN GARUT,SELAAWI,5,0.8333333333333334,2,1,Sedang,0,Rendah,0,Rendah
KABUPATEN GARUT,SINGAJAYA,7,1.1666666666666667,2,1,Sedang,0,Rendah,0,Rendah
KABUPATEN GARUT,SUCINARAJA,1,0.1666666666666666,1,1,Sedang,0,Rendah,0,Rendah
KABUPATEN GARUT,SUKARESMI,20,3.333333333333333,4,1,Sedang,0,Rendah,0,Rendah
KABUPATEN GARUT,SUKAWENING,18,3.0,4,1,Sedang,0,Rendah,0,Rendah
KABUPATEN GARUT,TALEGONG,0,0.0,0,1,Sedang,0,Rendah,0,Rendah
KABUPATEN GARUT,TAROGONG KALER,123,20.5,24,2,Tinggi,1,Sedang,0,Rendah
KABUPATEN GARUT,TAROGONG KIDUL,30,5.0,11,1,Sedang,1,Sedang,0,Rendah
KABUPATEN GARUT,WANARAJA,22,3.6666666666666665,6,1,Sedang,0,Rendah,0,Rendah
KABUPATEN INDRAMAYU,ANJATAN,49,8.166666666666666,9,2,Tinggi,1,Sedang,0,Rendah
KABUPATEN INDRAMAYU,ARAHAN,4,0.6666666666666666,1,1,Sedang,0,Rendah,0,Rendah
KABUPATEN INDRAMAYU,BALONGAN,3,0.5,1,1,Sedang,0,Rendah,0,Rendah
KABUPATEN INDRAMAYU,BANGODUA,15,2.5,5,1,Sedang,0,Rendah,0,Rendah
KABUPATEN INDRAMAYU,BONGAS,15,2.5,5,1,Sedang,0,Rendah,0,Rendah
KABUPATEN INDRAMAYU,CANTIGI,84,14.0,17,2,Tinggi,1,Sedang,0,Rendah
KABUPATEN INDRAMAYU,CIKEDUNG,2,0.3333333333333333,1,1,Sedang,0,Rendah,0,Rendah
KABUPATEN INDRAMAYU,GABUSWETAN,6,1.0,2,1,Sedang,0,Rendah,0,Rendah
KABUPATEN INDRAMAYU,GANTAR,4,0.6666666666666666,1,1,Sedang,0,Rendah,0,Rendah
KABUPATEN INDRAMAYU,HAURGEULIS,30,5.0,8,1,Sedang,1,Sedang,0,Rendah
KABUPATEN INDRAMAYU,INDRAMAYU,49,8.166666666666666,10,2,Tinggi,1,Sedang,0,Rendah
KABUPATEN INDRAMAYU,JATIBARANG,10,1.6666666666666667,4,1,Sedang,0,Rendah,0,Rendah
KABUPATEN INDRAMAYU,JUNTINYUAT,2,0.3333333333333333,2,1,Sedang,0,Rendah,0,Rendah
KABUPATEN INDRAMAYU,KANDANGHAUR,443,73.83333333333333,374,0,Rendah,2,Tinggi,-1,Noise/Outlier
KABUPATEN INDRAMAYU,KARANGAMPEL,0,0.0,0,1,Sedang,0,Rendah,0,Rendah
KABUPATEN INDRAMAYU,KEDOKAN BUNDER,4,0.6666666666666666,1,1,Sedang,0,Rendah,0,Rendah
KABUPATEN INDRAMAYU,KERTASEMAYA,30,5.0,6,1,Sedang,1,Sedang,0,Rendah
KABUPATEN INDRAMAYU,KRANGKENG,12,2.0,3,1,Sedang,0,Rendah,0,Rendah
KABUPATEN INDRAMAYU,KROYA,12,2.0,3,1,Sedang,0,Rendah,0,Rendah
KABUPATEN INDRAMAYU,LELEA,7,1.1666666666666667,2,1,Sedang,0,Rendah,0,Rendah
KABUPATEN INDRAMAYU,LOHBENER,8,1.3333333333333333,2,1,Sedang,0,Rendah,0,Rendah
KABUPATEN INDRAMAYU,LOSARANG,32,5.333333333333333,14,1,Sedang,1,Sedang,0,Rendah
KABUPATEN INDRAMAYU,PASEKAN,7,1.1666666666666667,2,1,Sedang,0,Rendah,0,Rendah
KABUPATEN INDRAMAYU,PATROL,25,4.166666666666667,5,1,Sedang,0,Rendah,0,Rendah
KABUPATEN INDRAMAYU,SINDANG,52,8.666666666666666,12,2,Tinggi,1,Sedang,0,Rendah
KABUPATEN INDRAMAYU,SLIYEG,6,1.0,1,1,Sedang,0,Rendah,0,Rendah
KABUPATEN INDRAMAYU,SUKAGUMIWANG,23,3.8333333333333335,6,1,Sedang,0,Rendah,0,Rendah
KABUPATEN INDRAMAYU,SUKRA,14,2.333333333333333,5,1,Sedang,0,Rendah,0,Rendah
KABUPATEN INDRAMAYU,TRISI,14,2.333333333333333,6,1,Sedang,0,Rendah,0,Rendah
KABUPATEN INDRAMAYU,TUKDANA,16,2.6666666666666665,5,1,Sedang,0,Rendah,0,Rendah
KABUPATEN INDRAMAYU,WIDASARI,20,3.333333333333333,5,1,Sedang,0,Rendah,0,Rendah
KABUPATEN KARAWANG,BANYUSARI,46,7.666666666666667,14,2,Tinggi,1,Sedang,0,Rendah
KABUPATEN KARAWANG,BATUJAYA,67,11.166666666666666,13,2,Tinggi,1,Sedang,0,Rendah
KABUPATEN KARAWANG,CIAMPEL,12,2.0,5,1,Sedang,0,Rendah,0,Rendah
KABUPATEN KARAWANG,CIBUAYA,75,12.5,14,2,Tinggi,1,Sedang,0,Rendah
KABUPATEN KARAWANG,CIKAMPEK,22,3.6666666666666665,4,1,Sedang,0,Rendah,0,Rendah
KABUPATEN KARAWANG,CILAMAYA KULON,73,12.166666666666666,14,2,Tinggi,1,Sedang,0,Rendah
KABUPATEN KARAWANG,CILAMAYA WETAN,99,16.5,24,2,Tinggi,1,Sedang,0,Rendah
KABUPATEN KARAWANG,CILEBAR,43,7.166666666666667,12,2,Tinggi,1,Sedang,0,Rendah
KABUPATEN KARAWANG,JATISARI,25,4.166666666666667,9,1,Sedang,0,Rendah,0,Rendah
KABUPATEN KARAWANG,JAYAKERTA,11,1.8333333333333333,5,1,Sedang,0,Rendah,0,Rendah
KABUPATEN KARAWANG,KARAWANG TIMUR,15,2.5,4,1,Sedang,0,Rendah,0,Rendah
KABUPATEN KARAWANG,KLARI,0,0.0,0,1,Sedang,0,Rendah,0,Rendah
KABUPATEN KARAWANG,KOTA BARU,3,0.5,2,1,Sedang,0,Rendah,0,Rendah
KABUPATEN KARAWANG,KUTAWALUYA,26,4.333333333333333,5,1,Sedang,0,Rendah,0,Rendah
KABUPATEN KARAWANG,LEMAHABANG,2,0.3333333333333333,1,1,Sedang,0,Rendah,0,Rendah
KABUPATEN KARAWANG,MAJALAYA,0,0.0,0,1,Sedang,0,Rendah,0,Rendah
KABUPATEN KARAWANG,PAKISJAYA,46,7.666666666666667,9,2,Tinggi,1,Sedang,0,Rendah
KABUPATEN KARAWANG,PANGKALAN,35,5.833333333333333,7,1,Sedang,1,Sedang,0,Rendah
KABUPATEN KARAWANG,PEDES,61,10.166666666666666,14,2,Tinggi,1,Sedang,0,Rendah
KABUPATEN KARAWANG,PURWASARI,13,2.1666666666666665,5,1,Sedang,0,Rendah,0,Rendah
KABUPATEN KARAWANG,RAWAMERTA,0,0.0,0,1,Sedang,0,Rendah,0,Rendah
KABUPATEN KARAWANG,RENGASDENGKLOK,48,8.0,9,2,Tinggi,1,Sedang,0,Rendah
KABUPATEN KARAWANG,TEGALWARU,8,1.3333333333333333,2,1,Sedang,0,Rendah,0,Rendah
KABUPATEN KARAWANG,TELAGASARI,4,0.6666666666666666,1,1,Sedang,0,Rendah,0,Rendah
KABUPATEN KARAWANG,TELUKJAMBE BARAT,88,14.666666666666666,17,2,Tinggi,1,Sedang,0,Rendah
KABUPATEN KARAWANG,TELUKJAMBE TIMUR,34,5.666666666666667,11,1,Sedang,1,Sedang,0,Rendah
KABUPATEN KARAWANG,TEMPURAN,72,12.0,16,2,Tinggi,1,Sedang,0,Rendah
KABUPATEN KARAWANG,TIRTAJAYA,34,5.666666666666667,6,1,Sedang,1,Sedang,0,Rendah
KABUPATEN KARAWANG,TIRTAMULYA,31,5.166666666666667,6,1,Sedang,1,Sedang,0,Rendah
KABUPATEN KUNINGAN,CIAWIGEBANG,8,1.3333333333333333,2,1,Sedang,0,Rendah,0,Rendah
KABUPATEN KUNINGAN,CIBEUREUM,14,2.333333333333333,5,1,Sedang,0,Rendah,0,Rendah
KABUPATEN KUNINGAN,CIBINGBIN,32,5.333333333333333,13,1,Sedang,1,Sedang,0,Rendah
KABUPATEN KUNINGAN,CIDAHU,25,4.166666666666667,6,1,Sedang,0,Rendah,0,Rendah
KABUPATEN KUNINGAN,CIGANDAMEKAR,8,1.3333333333333333,2,1,Sedang,0,Rendah,0,Rendah
KABUPATEN KUNINGAN,CIGUGUR,0,0.0,0,1,Sedang,0,Rendah,0,Rendah
KABUPATEN KUNINGAN,CILEBAK,0,0.0,0,1,Sedang,0,Rendah,0,Rendah
KABUPATEN KUNINGAN,CILIMUS,4,0.6666666666666666,2,1,Sedang,0,Rendah,0,Rendah
KABUPATEN KUNINGAN,CIMAHI,19,3.1666666666666665,5,1,Sedang,0,Rendah,0,Rendah
KABUPATEN KUNINGAN,CINIRU,0,0.0,0,1,Sedang,0,Rendah,0,Rendah
KABUPATEN KUNINGAN,CIPICUNG,6,1.0,2,1,Sedang,0,Rendah,0,Rendah
KABUPATEN KUNINGAN,CIWARU,20,3.333333333333333,4,1,Sedang,0,Rendah,0,Rendah
KABUPATEN KUNINGAN,DARMA,0,0.0,0,1,Sedang,0,Rendah,0,Rendah
KABUPATEN KUNINGAN,GARAWANGI,1,0.1666666666666666,1,1,Sedang,0,Rendah,0,Rendah
KABUPATEN KUNINGAN,HANTARA,0,0.0,0,1,Sedang,0,Rendah,0,Rendah
KABUPATEN KUNINGAN,JALAKSANA,5,0.8333333333333334,4,1,Sedang,0,Rendah,0,Rendah
KABUPATEN KUNINGAN,JAPARA,0,0.0,0,1,Sedang,0,Rendah,0,Rendah
KABUPATEN KUNINGAN,KADUGEDE,4,0.6666666666666666,2,1,Sedang,0,Rendah,0,Rendah
KABUPATEN KUNINGAN,KALIMANGGIS,11,1.8333333333333333,2,1,Sedang,0,Rendah,0,Rendah
KABUPATEN KUNINGAN,KARANG KANCANA,0,0.0,0,1,Sedang,0,Rendah,0,Rendah
KABUPATEN KUNINGAN,KRAMATMULYA,1,0.1666666666666666,1,1,Sedang,0,Rendah,0,Rendah
KABUPATEN KUNINGAN,KUNINGAN,0,0.0,0,1,Sedang,0,Rendah,0,Rendah
KABUPATEN KUNINGAN,LEBAKWANGI,0,0.0,0,1,Sedang,0,Rendah,0,Rendah
KABUPATEN KUNINGAN,LURAGUNG,4,0.6666666666666666,1,1,Sedang,0,Rendah,0,Rendah
KABUPATEN KUNINGAN,MALEBER,0,0.0,0,1,Sedang,0,Rendah,0,Rendah
KABUPATEN KUNINGAN,MANDIRANCAN,5,0.8333333333333334,2,1,Sedang,0,Rendah,0,Rendah
KABUPATEN KUNINGAN,NUSAHERANG,0,0.0,0,1,Sedang,0,Rendah,0,Rendah
KABUPATEN KUNINGAN,PANCALANG,0,0.0,0,1,Sedang,0,Rendah,0,Rendah
KABUPATEN KUNINGAN,PASAWAHAN,0,0.0,0,1,Sedang,0,Rendah,0,Rendah
KABUPATEN KUNINGAN,SELAJAMBE,5,0.8333333333333334,2,1,Sedang,0,Rendah,0,Rendah
KABUPATEN KUNINGAN,SINDANG AGUNG,0,0.0,0,1,Sedang,0,Rendah,0,Rendah
KABUPATEN KUNINGAN,SUBANG,0,0.0,0,1,Sedang,0,Rendah,0,Rendah
KABUPATEN MAJALENGKA,ARGAPURA,0,0.0,0,1,Sedang,0,Rendah,0,Rendah
KABUPATEN MAJALENGKA,BANJARAN,1,0.1666666666666666,1,1,Sedang,0,Rendah,0,Rendah
KABUPATEN MAJALENGKA,BANTARUJEG,4,0.6666666666666666,1,1,Sedang,0,Rendah,0,Rendah
KABUPATEN MAJALENGKA,CIGASONG,0,0.0,0,1,Sedang,0,Rendah,0,Rendah
KABUPATEN MAJALENGKA,CIKIJING,23,3.8333333333333335,6,1,Sedang,0,Rendah,0,Rendah
KABUPATEN MAJALENGKA,CINGAMBUL,0,0.0,0,1,Sedang,0,Rendah,0,Rendah
KABUPATEN MAJALENGKA,DAWUAN,21,3.5,6,1,Sedang,0,Rendah,0,Rendah
KABUPATEN MAJALENGKA,JATITUJUH,51,8.5,18,2,Tinggi,1,Sedang,0,Rendah
KABUPATEN MAJALENGKA,JATIWANGI,0,0.0,0,1,Sedang,0,Rendah,0,Rendah
KABUPATEN MAJALENGKA,KADIPATEN,13,2.1666666666666665,4,1,Sedang,0,Rendah,0,Rendah
KABUPATEN MAJALENGKA,KASOKANDEL,10,1.6666666666666667,7,1,Sedang,0,Rendah,0,Rendah
KABUPATEN MAJALENGKA,KERTAJATI,18,3.0,6,1,Sedang,0,Rendah,0,Rendah
KABUPATEN MAJALENGKA,LEMAHSUGIH,2,0.3333333333333333,2,1,Sedang,0,Rendah,0,Rendah
KABUPATEN MAJALENGKA,LEUWIMUNDING,2,0.3333333333333333,2,1,Sedang,0,Rendah,0,Rendah
KABUPATEN MAJALENGKA,LIGUNG,64,10.666666666666666,13,2,Tinggi,1,Sedang,0,Rendah
KABUPATEN MAJALENGKA,MAJA,1,0.1666666666666666,1,1,Sedang,0,Rendah,0,Rendah
KABUPATEN MAJALENGKA,MAJALENGKA,1,0.1666666666666666,1,1,Sedang,0,Rendah,0,Rendah
KABUPATEN MAJALENGKA,MALAUSMA,0,0.0,0,1,Sedang,0,Rendah,0,Rendah
KABUPATEN MAJALENGKA,PALASAH,0,0.0,0,1,Sedang,0,Rendah,0,Rendah
KABUPATEN MAJALENGKA,PANYINGKIRAN,14,2.333333333333333,4,1,Sedang,0,Rendah,0,Rendah
KABUPATEN MAJALENGKA,RAJAGALUH,0,0.0,0,1,Sedang,0,Rendah,0,Rendah
KABUPATEN MAJALENGKA,SINDANG,0,0.0,0,1,Sedang,0,Rendah,0,Rendah
KABUPATEN MAJALENGKA,SINDANGWANGI,0,0.0,0,1,Sedang,0,Rendah,0,Rendah
KABUPATEN MAJALENGKA,SUKAHAJI,2,0.3333333333333333,2,1,Sedang,0,Rendah,0,Rendah
KABUPATEN MAJALENGKA,SUMBERJAYA,33,5.5,10,1,Sedang,1,Sedang,0,Rendah
KABUPATEN MAJALENGKA,TALAGA,0,0.0,0,1,Sedang,0,Rendah,0,Rendah
KABUPATEN PANGANDARAN,CIGUGUR,4,0.6666666666666666,2,1,Sedang,0,Rendah,0,Rendah
KABUPATEN PANGANDARAN,CIJULANG,39,6.5,8,1,Sedang,1,Sedang,0,Rendah
KABUPATEN PANGANDARAN,CIMERAK,20,3.333333333333333,4,1,Sedang,0,Rendah,0,Rendah
KABUPATEN PANGANDARAN,KALIPUCANG,48,8.0,11,2,Tinggi,1,Sedang,0,Rendah
KABUPATEN PANGANDARAN,LANGKAPLANCAR,22,3.6666666666666665,6,1,Sedang,0,Rendah,0,Rendah
KABUPATEN PANGANDARAN,MANGUNJAYA,26,4.333333333333333,6,1,Sedang,0,Rendah,0,Rendah
KABUPATEN PANGANDARAN,PADAHERANG,48,8.0,11,2,Tinggi,1,Sedang,0,Rendah
KABUPATEN PANGANDARAN,PANGANDARAN,22,3.6666666666666665,5,1,Sedang,0,Rendah,0,Rendah
KABUPATEN PANGANDARAN,PARIGI,44,7.333333333333333,13,2,Tinggi,1,Sedang,0,Rendah
KABUPATEN PANGANDARAN,SIDAMULIH,14,2.333333333333333,5,1,Sedang,0,Rendah,0,Rendah
KABUPATEN PURWAKARTA,BABAKANCIKAO,17,2.833333333333333,7,1,Sedang,0,Rendah,0,Rendah
KABUPATEN PURWAKARTA,BOJONG,0,0.0,0,1,Sedang,0,Rendah,0,Rendah
KABUPATEN PURWAKARTA,BUNGURSARI,0,0.0,0,1,Sedang,0,Rendah,0,Rendah
KABUPATEN PURWAKARTA,CAMPAKA,6,1.0,4,1,Sedang,0,Rendah,0,Rendah
KABUPATEN PURWAKARTA,CIBATU,14,2.333333333333333,4,1,Sedang,0,Rendah,0,Rendah
KABUPATEN PURWAKARTA,DARANGDAN,5,0.8333333333333334,2,1,Sedang,0,Rendah,0,Rendah
KABUPATEN PURWAKARTA,JATILUHUR,36,6.0,10,1,Sedang,1,Sedang,0,Rendah
KABUPATEN PURWAKARTA,KIARAPEDES,4,0.6666666666666666,2,1,Sedang,0,Rendah,0,Rendah
KABUPATEN PURWAKARTA,MANIIS,2,0.3333333333333333,1,1,Sedang,0,Rendah,0,Rendah
KABUPATEN PURWAKARTA,PASAWAHAN,10,1.6666666666666667,2,1,Sedang,0,Rendah,0,Rendah
KABUPATEN PURWAKARTA,PLERED,2,0.3333333333333333,1,1,Sedang,0,Rendah,0,Rendah
KABUPATEN PURWAKARTA,PONDOKSALAM,5,0.8333333333333334,1,1,Sedang,0,Rendah,0,Rendah
KABUPATEN PURWAKARTA,PURWAKARTA,0,0.0,0,1,Sedang,0,Rendah,0,Rendah
KABUPATEN PURWAKARTA,SUKASARI,8,1.3333333333333333,4,1,Sedang,0,Rendah,0,Rendah
KABUPATEN PURWAKARTA,SUKATANI,0,0.0,0,1,Sedang,0,Rendah,0,Rendah
KABUPATEN PURWAKARTA,TEGALWARU,34,5.666666666666667,12,1,Sedang,1,Sedang,0,Rendah
KABUPATEN PURWAKARTA,WANAYASA,5,0.8333333333333334,2,1,Sedang,0,Rendah,0,Rendah
KABUPATEN SUBANG,BINONG,19,3.1666666666666665,4,1,Sedang,0,Rendah,0,Rendah
KABUPATEN SUBANG,BLANAKAN,60,10.0,14,2,Tinggi,1,Sedang,0,Rendah
KABUPATEN SUBANG,CIASEM,67,11.166666666666666,13,2,Tinggi,1,Sedang,0,Rendah
KABUPATEN SUBANG,CIATER,0,0.0,0,1,Sedang,0,Rendah,0,Rendah
KABUPATEN SUBANG,CIBOGO,8,1.3333333333333333,2,1,Sedang,0,Rendah,0,Rendah
KABUPATEN SUBANG,CIJAMBE,3,0.5,1,1,Sedang,0,Rendah,0,Rendah
KABUPATEN SUBANG,CIKAUM,7,1.1666666666666667,2,1,Sedang,0,Rendah,0,Rendah
KABUPATEN SUBANG,CIPEUNDEUY,9,1.5,2,1,Sedang,0,Rendah,0,Rendah
KABUPATEN SUBANG,CIPUNAGARA,31,5.166666666666667,10,1,Sedang,1,Sedang,0,Rendah
KABUPATEN SUBANG,CISALAK,18,3.0,5,1,Sedang,0,Rendah,0,Rendah
KABUPATEN SUBANG,COMPRENG,1,0.1666666666666666,1,1,Sedang,0,Rendah,0,Rendah
KABUPATEN SUBANG,DAWUAN,5,0.8333333333333334,1,1,Sedang,0,Rendah,0,Rendah
KABUPATEN SUBANG,JALANCAGAK,3,0.5,1,1,Sedang,0,Rendah,0,Rendah
KABUPATEN SUBANG,KALIJATI,14,2.333333333333333,5,1,Sedang,0,Rendah,0,Rendah
KABUPATEN SUBANG,KASOMALANG,1,0.1666666666666666,1,1,Sedang,0,Rendah,0,Rendah
KABUPATEN SUBANG,LEGONKULON,41,6.833333333333333,11,2,Tinggi,1,Sedang,0,Rendah
KABUPATEN SUBANG,PABUARAN,37,6.166666666666667,9,1,Sedang,1,Sedang,0,Rendah
KABUPATEN SUBANG,PAGADEN,38,6.333333333333333,13,2,Tinggi,1,Sedang,0,Rendah
KABUPATEN SUBANG,PAGADEN BARAT,0,0.0,0,1,Sedang,0,Rendah,0,Rendah
KABUPATEN SUBANG,PAMANUKAN,51,8.5,11,2,Tinggi,1,Sedang,0,Rendah
KABUPATEN SUBANG,PATOKBEUSI,38,6.333333333333333,8,1,Sedang,1,Sedang,0,Rendah
KABUPATEN SUBANG,PURWADADI,6,1.0,2,1,Sedang,0,Rendah,0,Rendah
KABUPATEN SUBANG,PUSAKAJAYA,24,4.0,5,1,Sedang,0,Rendah,0,Rendah
KABUPATEN SUBANG,PUSAKANAGARA,12,2.0,3,1,Sedang,0,Rendah,0,Rendah
KABUPATEN SUBANG,SAGALAHERANG,4,0.6666666666666666,3,1,Sedang,0,Rendah,0,Rendah
KABUPATEN SUBANG,SERANGPANJANG,0,0.0,0,1,Sedang,0,Rendah,0,Rendah
KABUPATEN SUBANG,SUKASARI,20,3.333333333333333,4,1,Sedang,0,Rendah,0,Rendah
KABUPATEN SUBANG,TAMBAKDAHAN,14,2.333333333333333,4,1,Sedang,0,Rendah,0,Rendah
KABUPATEN SUBANG,TANJUNGSIANG,14,2.333333333333333,5,1,Sedang,0,Rendah,0,Rendah
KABUPATEN SUKABUMI,BANTARGADUNG,23,3.8333333333333335,6,1,Sedang,0,Rendah,0,Rendah
KABUPATEN SUKABUMI,BOJONGGENTENG,0,0.0,0,1,Sedang,0,Rendah,0,Rendah
KABUPATEN SUKABUMI,CARINGIN,5,0.8333333333333334,3,1,Sedang,0,Rendah,0,Rendah
KABUPATEN SUKABUMI,CIAMBAR,6,1.0,3,1,Sedang,0,Rendah,0,Rendah
KABUPATEN SUKABUMI,CIBADAK,25,4.166666666666667,7,1,Sedang,0,Rendah,0,Rendah
KABUPATEN SUKABUMI,CIBITUNG,9,1.5,3,1,Sedang,0,Rendah,0,Rendah
KABUPATEN SUKABUMI,CICANTAYAN,10,1.6666666666666667,4,1,Sedang,0,Rendah,0,Rendah
KABUPATEN SUKABUMI,CICURUG,24,4.0,6,1,Sedang,0,Rendah,0,Rendah
KABUPATEN SUKABUMI,CIDADAP,0,0.0,0,1,Sedang,0,Rendah,0,Rendah
KABUPATEN SUKABUMI,CIDAHU,28,4.666666666666667,7,1,Sedang,0,Rendah,0,Rendah
KABUPATEN SUKABUMI,CIDOLOG,13,2.1666666666666665,4,1,Sedang,0,Rendah,0,Rendah
KABUPATEN SUKABUMI,CIEMAS,42,7.0,9,2,Tinggi,1,Sedang,0,Rendah
KABUPATEN SUKABUMI,CIKAKAK,7,1.1666666666666667,2,1,Sedang,0,Rendah,0,Rendah
KABUPATEN SUKABUMI,CIKEMBAR,0,0.0,0,1,Sedang,0,Rendah,0,Rendah
KABUPATEN SUKABUMI,CIKIDANG,19,3.1666666666666665,4,1,Sedang,0,Rendah,0,Rendah
KABUPATEN SUKABUMI,CIMANGGU,14,2.333333333333333,5,1,Sedang,0,Rendah,0,Rendah
KABUPATEN SUKABUMI,CIRACAP,18,3.0,4,1,Sedang,0,Rendah,0,Rendah
KABUPATEN SUKABUMI,CIREUNGHAS,6,1.0,1,1,Sedang,0,Rendah,0,Rendah
KABUPATEN SUKABUMI,CISAAT,1,0.1666666666666666,1,1,Sedang,0,Rendah,0,Rendah
KABUPATEN SUKABUMI,CISOLOK,30,5.0,7,1,Sedang,1,Sedang,0,Rendah
KABUPATEN SUKABUMI,CURUGKEMBAR,0,0.0,0,1,Sedang,0,Rendah,0,Rendah
KABUPATEN SUKABUMI,GEGERBITUNG,21,3.5,6,1,Sedang,0,Rendah,0,Rendah
KABUPATEN SUKABUMI,GUNUNGGURUH,19,3.1666666666666665,6,1,Sedang,0,Rendah,0,Rendah
KABUPATEN SUKABUMI,JAMPANGKULON,16,2.6666666666666665,6,1,Sedang,0,Rendah,0,Rendah
KABUPATEN SUKABUMI,JAMPANGTENGAH,22,3.6666666666666665,4,1,Sedang,0,Rendah,0,Rendah
KABUPATEN SUKABUMI,KABANDUNGAN,0,0.0,0,1,Sedang,0,Rendah,0,Rendah
KABUPATEN SUKABUMI,KADUDAMPIT,20,3.333333333333333,10,1,Sedang,0,Rendah,0,Rendah
KABUPATEN SUKABUMI,KALAPANUNGGAL,0,0.0,0,1,Sedang,0,Rendah,0,Rendah
KABUPATEN SUKABUMI,KALIBUNDER,35,5.833333333333333,7,1,Sedang,1,Sedang,0,Rendah
KABUPATEN SUKABUMI,KEBONPEDES,6,1.0,6,1,Sedang,0,Rendah,0,Rendah
KABUPATEN SUKABUMI,LENGKONG,2,0.3333333333333333,1,1,Sedang,0,Rendah,0,Rendah
KABUPATEN SUKABUMI,NAGRAK,14,2.333333333333333,4,1,Sedang,0,Rendah,0,Rendah
KABUPATEN SUKABUMI,NYALINDUNG,4,0.6666666666666666,2,1,Sedang,0,Rendah,0,Rendah
KABUPATEN SUKABUMI,PABUARAN,12,2.0,4,1,Sedang,0,Rendah,0,Rendah
KABUPATEN SUKABUMI,PALABUHANRATU,57,9.5,11,2,Tinggi,1,Sedang,0,Rendah
KABUPATEN SUKABUMI,PARAKANSALAK,0,0.0,0,1,Sedang,0,Rendah,0,Rendah
KABUPATEN SUKABUMI,PARUNGKUDA,10,1.6666666666666667,3,1,Sedang,0,Rendah,0,Rendah
KABUPATEN SUKABUMI,PURABAYA,16,2.6666666666666665,4,1,Sedang,0,Rendah,0,Rendah
KABUPATEN SUKABUMI,SAGARANTEN,8,1.3333333333333333,2,1,Sedang,0,Rendah,0,Rendah
KABUPATEN SUKABUMI,SIMPENAN,1,0.1666666666666666,1,1,Sedang,0,Rendah,0,Rendah
KABUPATEN SUKABUMI,SUKABUMI,5,0.8333333333333334,2,1,Sedang,0,Rendah,0,Rendah
KABUPATEN SUKABUMI,SUKALARANG,31,5.166666666666667,19,1,Sedang,1,Sedang,0,Rendah
KABUPATEN SUKABUMI,SUKARAJA,14,2.333333333333333,4,1,Sedang,0,Rendah,0,Rendah
KABUPATEN SUKABUMI,SURADE,6,1.0,3,1,Sedang,0,Rendah,0,Rendah
KABUPATEN SUKABUMI,TEGALBULEUD,20,3.333333333333333,5,1,Sedang,0,Rendah,0,Rendah
KABUPATEN SUKABUMI,WALURAN,0,0.0,0,1,Sedang,0,Rendah,0,Rendah
KABUPATEN SUKABUMI,WARUNGKIARA,15,2.5,4,1,Sedang,0,Rendah,0,Rendah
KABUPATEN SUMEDANG,BUAHDUA,2,0.3333333333333333,1,1,Sedang,0,Rendah,0,Rendah
KABUPATEN SUMEDANG,CIBUGEL,0,0.0,0,1,Sedang,0,Rendah,0,Rendah
KABUPATEN SUMEDANG,CIMALAKA,5,0.8333333333333334,3,1,Sedang,0,Rendah,0,Rendah
KABUPATEN SUMEDANG,CIMANGGUNG,21,3.5,6,1,Sedang,0,Rendah,0,Rendah
KABUPATEN SUMEDANG,CISARUA,0,0.0,0,1,Sedang,0,Rendah,0,Rendah
KABUPATEN SUMEDANG,CISITU,0,0.0,0,1,Sedang,0,Rendah,0,Rendah
KABUPATEN SUMEDANG,CONGGEANG,4,0.6666666666666666,4,1,Sedang,0,Rendah,0,Rendah
KABUPATEN SUMEDANG,DARMARAJA,6,1.0,1,1,Sedang,0,Rendah,0,Rendah
KABUPATEN SUMEDANG,GANEAS,2,0.3333333333333333,2,1,Sedang,0,Rendah,0,Rendah
KABUPATEN SUMEDANG,JATIGEDE,8,1.3333333333333333,3,1,Sedang,0,Rendah,0,Rendah
KABUPATEN SUMEDANG,JATINANGOR,69,11.5,13,2,Tinggi,1,Sedang,0,Rendah
KABUPATEN SUMEDANG,JATINUNGGAL,0,0.0,0,1,Sedang,0,Rendah,0,Rendah
KABUPATEN SUMEDANG,PAMULIHAN,1,0.1666666666666666,1,1,Sedang,0,Rendah,0,Rendah
KABUPATEN SUMEDANG,PASEH,2,0.3333333333333333,1,1,Sedang,0,Rendah,0,Rendah
KABUPATEN SUMEDANG,RANCAKALONG,0,0.0,0,1,Sedang,0,Rendah,0,Rendah
KABUPATEN SUMEDANG,SITURAJA,4,0.6666666666666666,2,1,Sedang,0,Rendah,0,Rendah
KABUPATEN SUMEDANG,SUKASARI,0,0.0,0,1,Sedang,0,Rendah,0,Rendah
KABUPATEN SUMEDANG,SUMEDANG SELATAN,2,0.3333333333333333,2,1,Sedang,0,Rendah,0,Rendah
KABUPATEN SUMEDANG,SUMEDANG UTARA,12,2.0,2,1,Sedang,0,Rendah,0,Rendah
KABUPATEN SUMEDANG,SURIAN,9,1.5,3,1,Sedang,0,Rendah,0,Rendah
KABUPATEN SUMEDANG,TANJUNGKERTA,9,1.5,3,1,Sedang,0,Rendah,0,Rendah
KABUPATEN SUMEDANG,TANJUNGMEDAR,0,0.0,0,1,Sedang,0,Rendah,0,Rendah
KABUPATEN SUMEDANG,TANJUNGSARI,0,0.0,0,1,Sedang,0,Rendah,0,Rendah
KABUPATEN SUMEDANG,TOMO,15,2.5,10,1,Sedang,0,Rendah,0,Rendah
KABUPATEN SUMEDANG,UJUNGJAYA,80,13.333333333333334,17,2,Tinggi,1,Sedang,0,Rendah
KABUPATEN SUMEDANG,WADO,1,0.1666666666666666,1,1,Sedang,0,Rendah,0,Rendah
KABUPATEN TASIKMALAYA,BANTARKALONG,12,2.0,5,1,Sedang,0,Rendah,0,Rendah
KABUPATEN TASIKMALAYA,BOJONGASIH,8,1.3333333333333333,4,1,Sedang,0,Rendah,0,Rendah
KABUPATEN TASIKMALAYA,BOJONGGAMBIR,0,0.0,0,1,Sedang,0,Rendah,0,Rendah
KABUPATEN TASIKMALAYA,CIAWI,11,1.8333333333333333,3,1,Sedang,0,Rendah,0,Rendah
KABUPATEN TASIKMALAYA,CIBALONG,0,0.0,0,1,Sedang,0,Rendah,0,Rendah
KABUPATEN TASIKMALAYA,CIGALONTANG,0,0.0,0,1,Sedang,0,Rendah,0,Rendah
KABUPATEN TASIKMALAYA,CIKALONG,10,1.6666666666666667,2,1,Sedang,0,Rendah,0,Rendah
KABUPATEN TASIKMALAYA,CIKATOMAS,6,1.0,2,1,Sedang,0,Rendah,0,Rendah
KABUPATEN TASIKMALAYA,CINEAM,1,0.1666666666666666,1,1,Sedang,0,Rendah,0,Rendah
KABUPATEN TASIKMALAYA,CIPATUJAH,74,12.333333333333334,18,2,Tinggi,1,Sedang,0,Rendah
KABUPATEN TASIKMALAYA,CISAYONG,14,2.333333333333333,5,1,Sedang,0,Rendah,0,Rendah
KABUPATEN TASIKMALAYA,CULAMEGA,0,0.0,0,1,Sedang,0,Rendah,0,Rendah
KABUPATEN TASIKMALAYA,GUNUNG TANJUNG,1,0.1666666666666666,1,1,Sedang,0,Rendah,0,Rendah
KABUPATEN TASIKMALAYA,JAMANIS,2,0.3333333333333333,1,1,Sedang,0,Rendah,0,Rendah
KABUPATEN TASIKMALAYA,JATIWARAS,4,0.6666666666666666,1,1,Sedang,0,Rendah,0,Rendah
KABUPATEN TASIKMALAYA,KADIPATEN,11,1.8333333333333333,2,1,Sedang,0,Rendah,0,Rendah
KABUPATEN TASIKMALAYA,KARANG JAYA,0,0.0,0,1,Sedang,0,Rendah,0,Rendah
KABUPATEN TASIKMALAYA,KARANGNUNGGAL,46,7.666666666666667,10,2,Tinggi,1,Sedang,0,Rendah
KABUPATEN TASIKMALAYA,LEUWISARI,2,0.3333333333333333,1,1,Sedang,0,Rendah,0,Rendah
KABUPATEN TASIKMALAYA,MANGUNREJA,0,0.0,0,1,Sedang,0,Rendah,0,Rendah
KABUPATEN TASIKMALAYA,MANONJAYA,4,0.6666666666666666,2,1,Sedang,0,Rendah,0,Rendah
KABUPATEN TASIKMALAYA,PADAKEMBANG,7,1.1666666666666667,2,1,Sedang,0,Rendah,0,Rendah
KABUPATEN TASIKMALAYA,PAGERAGEUNG,15,2.5,3,1,Sedang,0,Rendah,0,Rendah
KABUPATEN TASIKMALAYA,PANCATENGAH,63,10.5,14,2,Tinggi,1,Sedang,0,Rendah
KABUPATEN TASIKMALAYA,PARUNGPONTENG,1,0.1666666666666666,1,1,Sedang,0,Rendah,0,Rendah
KABUPATEN TASIKMALAYA,PUSPAHIANG,0,0.0,0,1,Sedang,0,Rendah,0,Rendah
KABUPATEN TASIKMALAYA,RAJAPOLAH,17,2.833333333333333,7,1,Sedang,0,Rendah,0,Rendah
KABUPATEN TASIKMALAYA,SALAWU,0,0.0,0,1,Sedang,0,Rendah,0,Rendah
KABUPATEN TASIKMALAYA,SALOPA,1,0.1666666666666666,1,1,Sedang,0,Rendah,0,Rendah
KABUPATEN TASIKMALAYA,SARIWANGI,0,0.0,0,1,Sedang,0,Rendah,0,Rendah
KABUPATEN TASIKMALAYA,SINGAPARNA,10,1.6666666666666667,4,1,Sedang,0,Rendah,0,Rendah
KABUPATEN TASIKMALAYA,SODONGHILIR,10,1.6666666666666667,4,1,Sedang,0,Rendah,0,Rendah
KABUPATEN TASIKMALAYA,SUKAHENING,4,0.6666666666666666,1,1,Sedang,0,Rendah,0,Rendah
KABUPATEN TASIKMALAYA,SUKARAJA,0,0.0,0,1,Sedang,0,Rendah,0,Rendah
KABUPATEN TASIKMALAYA,SUKARAME,0,0.0,0,1,Sedang,0,Rendah,0,Rendah
KABUPATEN TASIKMALAYA,SUKARATU,12,2.0,3,1,Sedang,0,Rendah,0,Rendah
KABUPATEN TASIKMALAYA,SUKARESIK,42,7.0,10,2,Tinggi,1,Sedang,0,Rendah
KABUPATEN TASIKMALAYA,TANJUNGJAYA,0,0.0,0,1,Sedang,0,Rendah,0,Rendah
KABUPATEN TASIKMALAYA,TARAJU,0,0.0,0,1,Sedang,0,Rendah,0,Rendah
KOTA BANJAR,BANJAR,4,0.6666666666666666,1,1,Sedang,0,Rendah,0,Rendah
KOTA BANJAR,LANGENSARI,14,2.333333333333333,4,1,Sedang,0,Rendah,0,Rendah
KOTA BANJAR,PATARUMAN,16,2.6666666666666665,5,1,Sedang,0,Rendah,0,Rendah
KOTA BANJAR,PURWAHARJA,5,0.8333333333333334,2,1,Sedang,0,Rendah,0,Rendah
